actor,starmeter rank,google results
Margot Robbie,1,12400000
Lily James,2,7670000
Dakota Johnson,3,25000000
Shailene Woodley,4,15400000
Jamie Dornan,5,27500000
Alexandra Breckenridge,6,652000
Robin Wright,7,4820000
Jennifer Lawrence,8,70600000
Ellie Kemper,9,1010000
Jaimie Alexander,10,793000
Tom Hardy,11,11200000
Emilia Clarke,12,5450000
Alexandra Daddario,13,1260000
Natalie Dormer,14,6870000
Katheryn Winnick,15,581000
Olivia Wilde,16,12100000
Chloë Grace Moretz,17,983000
Richard Madden,18,1620000
Emma Watson,19,56500000
Emma Stone,20,28500000
Genesis Rodriguez,21,1110000
Brittany Snow,22,1090000
Laura Prepon,23,827000
Scarlett Johansson,24,55900000
Miles Teller,25,2070000
Kaya Scodelario,26,913000
Jennifer Aniston,27,50400000
Britt Robertson,28,666000
Sharlto Copley,29,799000
Leonardo DiCaprio,30,39500000
Travis Fimmel,31,612000
Melissa Benoist,32,1250000
Rosamund Pike,33,9010000
Dan Stevens,34,1260000
Kate Mara,35,1460000
Kristen Schaal,36,494000
Hayley Atwell,37,1010000
Eddie Redmayne,38,14700000
Chris Hemsworth,39,22200000
Theo James,40,5940000
Bella Thorne,41,14700000
Anna Kendrick,42,14900000
Thora Birch,43,560000
Aidan Turner,44,798000
Chris Pratt,45,14700000
Charlie Hunnam,46,7650000
Emily Osment,47,1190000
Norman Reedus,48,7650000
Luke Evans,49,1960000
Felicity Jones,50,7120000
Taron Egerton,51,640000
Benedict Cumberbatch,52,25300000
Jared Leto,53,21100000
Channing Tatum,54,26900000
Jason Momoa,55,2060000
Rachel Weisz,56,4190000
Sharon Stone,57,12100000
Aaron Taylor-Johnson,58,1020000
Rose Byrne,59,5590000
Johnny Depp,60,56200000
Mae Whitman,61,599000
Lynn Collins,62,580000
Will Smith,63,60700000
Liam Neeson,64,19100000
Kevin Spacey,65,13800000
Christian Bale,66,16300000
Julianne Moore,67,21700000
Elizabeth Banks,68,5240000
Kristen Stewart,69,36100000
Chris Evans,70,20100000
Helena Bonham Carter,71,9210000
Joel Kinnaman,72,821000
Lena Headey,73,1250000
Sam Claflin,74,960000
Lauren Cohan,75,1790000
Alicia Vikander,76,1080000
Lily Collins,77,11600000
Keira Knightley,78,22600000
Brad Pitt,79,57300000
Adrianne Palicki,80,900000
Renée Zellweger,81,8620000
Nicola Peltz,82,1330000
Matthew McConaughey,83,17000000
Scott Eastwood,84,719000
Bradley Cooper,85,26700000
Dave Franco,86,932000
Vera Farmiga,87,820000
Angelina Jolie,88,83600000
Windell Middlebrooks,89,3090000
Cate Blanchett,90,16100000
Amber Heard,91,10400000
Adam Sandler,92,31100000
Freddie Highmore,93,648000
Tom Cruise,94,36800000
Ansel Elgort,95,2190000
Paget Brewster,96,530000
Bryan Cranston,97,8840000
Mila Kunis,98,30900000
Evangeline Lilly,99,1360000
Mary Elizabeth Winstead,100,627000
Chris Pine,101,8170000
Emily Blunt,102,13100000
Kaley Cuoco-Sweeting,103,2280000
María Valverde,104,708000
Liam Hemsworth,105,15100000
Hugh Jackman,106,32900000
Elizabeth Olsen,107,1390000
Ryan Gosling,108,21200000
Lee Pace,109,839000
Monica Bellucci,110,15300000
Jussie Smollett,111,4300000
Jennifer Love Hewitt,112,25500000
Gemma Arterton,113,2870000
Maisie Williams,114,1260000
Jake Gyllenhaal,115,13400000
Jonathan Banks,116,497000
Robert Downey Jr.,117,37600000
Robbie Amell,118,596000
Sienna Miller,119,12600000
Patricia Arquette,120,11000000
Dakota Fanning,121,7970000
Tituss Burgess,122,152000
Harrison Ford,123,34700000
Rachel McAdams,124,6930000
Andrew Lincoln,125,3400000
Kim Dickens,126,464000
Keanu Reeves,127,12900000
Amy Adams,128,15400000
Sophie Turner,129,1050000
Blake Lively,130,20900000
Eva Green,131,2750000
January Jones,132,1840000
Aaron Paul,133,26500000
Heath Ledger,134,9030000
Elizabeth Hurley,135,10700000
Dev Patel,136,1050000
Dylan O'Brien,137,1580000
Elle Fanning,138,1770000
Zoe Saldana,139,11500000
Lizzy Caplan,140,815000
James Spader,141,858000
Ben Stiller,142,14800000
Dwayne Johnson,143,12300000
Molly Parker,144,417000
Jason Statham,145,26600000
Charlize Theron,146,25900000
Henry Cavill,147,4620000
Jessica Chastain,148,13200000
Nicholas Hoult,149,1440000
Matthew Goode,150,618000
Jim Parsons,151,7180000
John Travolta,152,15400000
Natalie Portman,153,24000000
Katie Cassidy,154,1070000
Jena Malone,155,905000
Julia Stiles,156,1290000
Michael Fassbender,157,10200000
Kate Beckinsale,158,8510000
Zac Efron,159,23000000
Sylvester Stallone,160,18600000
Alexa PenaVega,161,355000
Maggie Smith,162,1240000
Anne Hathaway,163,27300000
Naomi Watts,164,12300000
Sofía Vergara,165,987000
Josh Hutcherson,166,12900000
Colin Firth,167,9900000
Nina Dobrev,168,15000000
Jane Krakowski,169,1250000
Neill Blomkamp,170,1490000
Evan Peters,171,1010000
Carol Kane,172,394000
Dana Delany,173,643000
Ariel Winter,174,986000
Taylor Kitsch,175,849000
Joel Edgerton,176,776000
Cara Delevingne,177,26100000
Marie Avgeropoulos,178,541000
Natasha Alam,179,292000
Ginnifer Goodwin,180,1060000
Shia LaBeouf,181,20500000
Jake Lloyd,182,388000
Melissa Rauch,183,821000
Morena Baccarin,184,985000
Freddie Prinze Jr.,185,592000
Richard Armitage,186,946000
Cobie Smulders,187,1210000
Eliza Taylor,188,572000
Sean Penn,189,14800000
Kiernan Shipka,190,981000
Evan Rachel Wood,191,1710000
Daniel Henney,192,655000
Logan Lerman,193,7520000
Paul Walker,194,33800000
Teresa Palmer,195,1110000
Eleanor Tomlinson,196,571000
Joseph Gordon-Levitt,197,12600000
Matthew Gray Gubler,198,682000
Kristin Bauer van Straten,199,269000
Rooney Mara,200,1690000
Taraji P. Henson,201,7370000
Ryan Phillippe,202,972000
Oscar Isaac,203,1020000
Tom Hanks,204,24300000
Sandra Bullock,205,19300000
Kristen Bell,206,12600000
Gillian Anderson,207,1970000
Imogen Poots,208,751000
Reese Witherspoon,209,22200000
J.K. Simmons,210,5930000
Alycia Debnam Carey,211,219000
Quentin Tarantino,212,12700000
Kate Winslet,213,17100000
Lindsay Lohan,214,48400000
Dylan Gelula,215,626000
Megan Fox,216,35800000
Kevin Durand,217,459000
Ben Affleck,218,26800000
Will Forte,219,644000
Abigail Spencer,220,587000
Jai Courtney,221,1360000
Tom Hiddleston,222,12000000
Cameron Diaz,223,31900000
Juno Temple,224,844000
Brooke Langton,225,296000
Jennifer Connelly,226,1610000
Marion Cotillard,227,13000000
Peter Dinklage,228,1470000
Rachel Brosnahan,229,218000
Sophie McShera,230,375000
James Franco,231,22700000
Sasha Grey,232,15800000
Linda Fiorentino,233,412000
Ryan Reynolds,234,18900000
Michelle Monaghan,235,1120000
Kat Dennings,236,20300000
Arnold Schwarzenegger,237,32300000
Emily Kinney,238,613000
Edward Norton,239,7260000
Clint Eastwood,240,25900000
James Van Der Beek,241,908000
Michael Keaton,242,9490000
Sam Heughan,243,680000
Christina Hendricks,244,1740000
Emmy Rossum,245,5360000
Alison Brie,246,1180000
Emma Roberts,247,9590000
Kerry Condon,248,312000
Joe Manganiello,249,2850000
Elisha Cuthbert,250,2100000
Sarah Hyland,251,4050000
Olivia Cooke,252,442000
Christopher Nolan,253,9510000
Melanie Griffith,254,6410000
Milla Jovovich,255,13500000
Carla Gugino,256,1050000
Jessalyn Gilsig,257,490000
Naomi Grossman,258,198000
Shad Moss,259,491000
Bree Turner,260,387000
Robin Williams,261,34200000
Nicolas Cage,262,13000000
Jennifer Ehle,263,549000
Karen Gillan,264,1210000
Emmanuelle Chriqui,265,1990000
Victoria Smurfit,266,241000
Jaime King,267,5920000
Terrence Howard,268,2760000
Ian Somerhalder,269,18300000
Abigail Breslin,270,1250000
Jack O'Connell,271,764000
Yvonne Strahovski,272,1140000
Sigourney Weaver,273,7290000
Gabriel Macht,274,708000
Stephen Amell,275,6590000
Chloë Sevigny,276,5600
Alexis Bledel,277,1180000
Mark Hamill,278,1030000
Anna Faris,279,3200000
Rose Leslie,280,541000
Will Ferrell,281,26300000
Matt Bomer,282,2770000
Sofia Boutella,283,444000
Vin Diesel,284,125000000
Brenton Thwaites,285,613000
Gwendoline Christie,286,565000
Denzel Washington,287,14000000
Rose McIver,288,556000
Christine Taylor,289,513000
Danielle Panabaker,290,614000
Natalie Martinez,291,511000
Ben Foster,292,1130000
Gerard Butler,293,10300000
Jenna Fischer,294,791000
Jamie Chung,295,1490000
Kristen Connolly,296,387000
Leonard Nimoy,297,26700000
KaDee Strickland,298,325000
Ralph Fiennes,299,2660000
Gal Gadot,300,9720000
Jennifer Lopez,301,115000000
Tovah Feldshuh,302,194000
Kate Upton,303,34300000
Daniel Craig,304,15500000
Jennifer Morrison,305,1190000
Manu Bennett,306,505000
Mark Wahlberg,307,22800000
Willow Shields,308,1340000
Alex Pettyfer,309,1400000
Leslie Mann,310,931000
Emily Browning,311,1010000
Amanda Seyfried,312,11100000
Ryan Potter,313,511000
Holliday Grainger,314,573000
Philip Seymour Hoffman,315,6610000
Jason Isaacs,316,609000
Jon Hamm,317,1360000
Hayden Panettiere,318,4230000
Courteney Cox,319,3690000
Bridgette Wilson-Sampras,320,115000
Sarah Michelle Gellar,321,2470000
Robert De Niro,322,18600000
James Marsden,323,1060000
Emile Hirsch,324,2410000
Judy Greer,325,686000
Taylor Momsen,326,6750000
Selena Gomez,327,133000000
Amanda Schull,328,363000
Samuel L. Jackson,329,16800000
Vince Vaughn,330,6300000
Taryn Manning,331,619000
Jessica Biel,332,18700000
Idris Elba,333,8410000
Kristen Wiig,334,2190000
Alexander Ludwig,335,706000
Garrett Hedlund,336,925000
Alexis Knapp,337,497000
Christian Serratos,338,688000
Noomi Rapace,339,1040000
Saoirse Ronan,340,1130000
Elsa Pataky,341,1540000
AnnaSophia Robb,342,1240000
Mayim Bialik,343,696000
Michael Kelly,344,857000
Maika Monroe,345,443000
Linda Cardellini,346,531000
Kit Harington,347,934000
Ki Hong Lee,348,413000
Michelle Forbes,349,438000
Claire Danes,350,1690000
Robert Pattinson,351,32300000
Ross Marquand,352,119000
Alice Eve,353,968000
Brandon Jones,354,559000
Rebel Wilson,355,768000
Léa Seydoux,356,676
Audrey Hepburn,357,19800000
Max Thieriot,358,1110000
Lucy Lawless,359,1140000
Bruce Willis,360,23900000
Daniel Radcliffe,361,17300000
Bryshere Y. Gray,362,606000
Sarah Shahi,363,934000
Mark Strong,364,791000
Juliette Lewis,365,1040000
Constance Wu,366,98800
Lyndsy Fonseca,367,1130000
Luke Hemsworth,368,157000
Olivia Munn,369,2160000
Salma Hayek,370,19400000
Matt Damon,371,17000000
Jenna Dewan Tatum,372,1080000
Ron Jeremy,373,2150000
Al Pacino,374,15200000
Colton Haynes,375,945000
Nicole Kidman,376,32500000
Chloe Bennet,377,3220000
Alexander Skarsgård,378,649000
Timothy Olyphant,379,751000
Eva Mendes,380,19300000
Wes Anderson,381,7160000
Mark Ruffalo,382,7080000
Adrien Brody,383,1370000
Penélope Cruz,384,5550000
Bailee Madison,385,565000
Bob Odenkirk,386,759000
Meryl Streep,387,20400000
Leighton Meester,388,2990000
Wentworth Miller,389,4260000
Orlando Bloom,390,13700000
Emily Bett Rickards,391,584000
Maggie Grace,392,1080000
Rachel Nichols,393,781000
Anton Yelchin,394,636000
Taylor Lautner,395,21000000
Cillian Murphy,396,816000
Krysten Ritter,397,870000
Megan Boone,398,485000
Dean Winters,399,423000
Uma Thurman,400,84800000
Hailee Steinfeld,401,1210000
Julianne Hough,402,9090000
Christoph Waltz,403,5460000
Mary-Louise Parker,404,752000
Gugu Mbatha-Raw,405,540000
Lindsey McKeon,406,193000
Aubrey Plaza,407,3410000
T.J. Miller,408,574000
Katherine von Drachenberg,409,95800
Michelle Pfeiffer,410,1410000
Owen Wilson,411,10100000
Jim Carrey,412,20400000
Abbie Cornish,413,1270000
Margarita Levieva,414,407000
Jeremy Sumpter,415,518000
Liana Liberato,416,438000
Lacey Chabert,417,8780000
Jada Pinkett Smith,418,7860000
Ethan Hawke,419,7590000
Clive Standen,420,397000
Will Poulter,421,494000
Rhea Seehorn,422,312000
Rihanna,423,294000000
Analeigh Tipton,424,523000
Lori Petty,425,362000
Adam Campbell,426,420000
Colin O'Donoghue,427,498000
Carrie Underwood,428,23000000
Tina Fey,429,12700000
David Tennant,430,8300000
Steve Carell,431,9900000
Katherine Heigl,432,9150000
Josh Duhamel,433,7770000
Taylor Schilling,434,2260000
Bridget Regan,435,442000
Tiffani Thiessen,436,1110000
Kirsten Dunst,437,9500000
Chuck Norris,438,28100000
Olesya Rulin,439,360000
Debby Ryan,440,13500000
George Clooney,441,35300000
Jean Louisa Kelly,442,201000
Noel Fisher,443,461000
Zooey Deschanel,444,15000000
Thomas Brodie-Sangster,445,450000
Ronda Rousey,446,19400000
Christina Ricci,447,2230000
Mel Gibson,448,12700000
Jeremy Renner,449,7940000
Jonah Hill,450,7560000
Matthew Vaughn,451,1090000
Melissa McCarthy,452,2510000
Keri Russell,453,1420000
Bryce Dallas Howard,454,963000
Nikolaj Coster-Waldau,455,737000
Chad Michael Murray,456,957000
Tracy Spiridakos,457,413000
Aisha Tyler,458,610000
Kelly Brook,459,22000000
Annabeth Gish,460,412000
Emily Ratajkowski,461,11900000
Lady Gaga,462,191000000
Drew Barrymore,463,17200000
Juliette Binoche,464,1250000
Jessica Alba,465,41300000
Chandler Riggs,466,532000
Liza Minnelli,467,1060000
Dianna Agron,468,7160000
Summer Glau,469,1020000
Zoë Kravitz,470,467000
Taissa Farmiga,471,580000
James McAvoy,472,1650000
Julia Roberts,473,17500000
Lake Bell,474,814000
Kenneth Branagh,475,2230000
Larisa Oleynik,476,344000
Ryan Guzman,477,662000
Bill Murray,478,11900000
Jensen Ackles,479,11500000
Matthew Lewis,480,1420000
Jessica Stroup,481,691000
Carrie Fisher,482,1150000
Helen Hunt,483,1100000
Lana Parrilla,484,649000
Tatiana Maslany,485,562000
Vanessa Hudgens,486,34700000
Ryan Hurst,487,397000
Rhona Mitra,488,660000
Winona Ryder,489,1520000
Robyn Lively,490,185000
Ruth Wilson,491,653000
Leslie Bibb,492,569000
Katharine McPhee,493,1530000
Sarah Wayne Callies,494,590000
Ewan McGregor,495,7710000
Jack Nicholson,496,10600000
Emily VanCamp,497,922000
Lena Dunham,498,9840000
Miley Cyrus,499,148000000
Marlon Brando,500,8040000
Cote de Pablo,501,786000
Steven Spielberg,502,17800000
Ellar Coltrane,503,465000
Eden Sher,504,296000
Barbara Alyn Woods,505,323000
John Barrowman,506,834000
Lucy DeVito,507,62800
Connie Nielsen,508,525000
Sasha Pieterse,509,726000
Brooklyn Decker,510,2050000
Stana Katic,511,957000
Matthew Perry,512,983000
Ed Harris,513,2110000
Zachary Quinto,514,1220000
Lucas Black,515,499000
Shannon Tweed,516,756000
Jack Gleeson,517,408000
Patrick Swayze,518,3400000
Gabriella Wilde,519,533000
Haley Joel Osment,520,618000
Nick Offerman,521,959000
Emilie de Ravin,522,756000
Raquel Alessi,523,138000
Jessica Lange,524,2520000
Mahershala Ali,525,232000
Sebastian Stan,526,749000
Mélanie Laurent,527,595000
Eliza Dushku,528,2660000
Brie Larson,529,649000
Olga Kurylenko,530,1870000
Andrew Garfield,531,9450000
Titus Welliver,532,402000
Nathalie Emmanuel,533,890000
Ariana Grande,534,111000000
Tilda Swinton,535,1480000
Viggo Mortensen,536,1080000
Diane Kruger,537,2930000
Isla Fisher,538,6140000
Ron Perlman,539,844000
Kevin Costner,540,8270000
Jennifer Grey,541,630000
Michelle Trachtenberg,542,1210000
David Anders,543,762000
Sophia Bush,544,1270000
Victoria Justice,545,12300000
Hilarie Burton,546,505000
Rose McGowan,547,1370000
Cameron Monaghan,548,495000
Russell Crowe,549,12400000
Jennifer Garner,550,12200000
Rosario Dawson,551,6330000
Anna Paquin,552,1570000
Paula Patton,553,1620000
Ellen Page,554,9960000
Martin Scorsese,555,11800000
Danai Gurira,556,508000
Thomas Lennon,557,447000
Seth Rogen,558,12600000
Marilyn Monroe,559,39400000
Ashley Greene,560,13100000
Isabel Lucas,561,766000
Domhnall Gleeson,562,576000
Dave Bautista,563,4920000
William H. Macy,564,707000
Ian McKellen,565,9740000
Gary Oldman,566,6100000
Jurnee Smollett-Bell,567,250000
Camilla Belle,568,1330000
Mickey Rourke,569,6060000
Alyson Stoner,570,869000
Hayley Kiyoko,571,875000
Charlie Cox,572,620000
Ridley Scott,573,9720000
Peter Sarsgaard,574,639000
Diane Lane,575,1270000
Katee Sackhoff,576,653000
Aaron Eckhart,577,901000
Vincent D'Onofrio,578,881000
Andrea Parker,579,417000
Joaquin Phoenix,580,5990000
Kevin Bacon,581,7920000
Ashley Hinshaw,582,441000
Carey Mulligan,583,1750000
Richard Gere,584,7390000
Stephanie Sigman,585,904000
Paul Rudd,586,6510000
Willa Holland,587,661000
David Schwimmer,588,1050000
Michelle Rodriguez,589,17200000
James Cromwell,590,553000
Tyler Hoechlin,591,1030000
Sarah Rafferty,592,408000
Danny Masterson,593,427000
Jessica Parker Kennedy,594,471000
Milo Ventimiglia,595,761000
Hayden Christensen,596,881000
Nikki Reed,597,1840000
Justin Theroux,598,1090000
Julie Bowen,599,869000
Tim Burton,600,25800000
Anne Heche,601,809000
Jon Bernthal,602,599000
Taylor Kinney,603,3220000
Andrea Riseborough,604,579000
Laura Vandervoort,605,786000
Martin Freeman,606,7170000
Alejandro González Iñárritu,607,953000
John Cusack,608,1750000
Eli Roth,609,879000
Guy Pearce,610,994000
Kevin Hart,611,29000000
Kerry Washington,612,11800000
Stanley Tucci,613,884000
William Moseley,614,499000
Hilary Duff,615,26600000
Amber Nash,616,111000
Mireille Enos,617,500000
Maria Bello,618,864000
Jude Law,619,11400000
Michelle Dockery,620,731000
Jonathan Rhys Meyers,621,942000
Melissa McBride,622,438000
Halston Sage,623,448000
Helen McCrory,624,449000
Taylor Swift,625,273000000
Asa Butterfield,626,564000
Jodie Foster,627,6480000
Dominic Cooper,628,937000
Mia Wasikowska,629,1020000
Alanna Masterson,630,296000
Nick Zano,631,591000
Alan Tudyk,632,813000
Penn Badgley,633,1020000
Logan Browning,634,208000
Julie Andrews,635,7520000
Kate Hudson,636,15000000
James D'Arcy,637,586000
Mads Mikkelsen,638,843000
Robin Tunney,639,634000
Indiana Evans,640,544000
Téa Leoni,641,400000
Chelsea Kane,642,608000
Molly Ringwald,643,1070000
Yo-Landi Visser,644,254000
Meghan Markle,645,494000
Lucy Liu,646,1730000
Anson Mount,647,419000
Jenna Coleman,648,646000
Alia Shawkat,649,445000
Catherine Bell,650,890000
Rami Malek,651,410000
Amanda Bynes,652,7720000
Anthony Michael Hall,653,485000
Rashida Jones,654,1400000
Amy Poehler,655,11000000
RJ Mitte,656,412000
Sean Connery,657,8830000
Alex O'Loughlin,658,986000
Michael C. Hall,659,681000
Ashley Benson,660,9510000
Daniel Day-Lewis,661,1120000
David Fincher,662,5900000
Melanie Lynskey,663,512000
Scott Adsit,664,472000
Katey Sagal,665,698000
Meg Ryan,666,1440000
Lili Simmons,667,432000
Ivana Milicevic,668,444000
Michelle Williams,669,10600000
Odette Annable,670,528000
Missy Peregrym,671,522000
AnnaLynne McCord,672,1360000
Laurie Holden,673,516000
Rachel Bilson,674,24100000
Rodrigo Santoro,675,1060000
Joelle Carter,676,388000
Morgan Freeman,677,23000000
Calista Flockhart,678,2150000
Sydney Penny,679,229000
Jared Padalecki,680,4450000
Elden Henson,681,294000
Jay Baruchel,682,664000
Nathan Fillion,683,1250000
Zach McGowan,684,313000
Javier Bardem,685,2280000
Katie Holmes,686,17500000
Derek Luke,687,443000
Pauley Perrette,688,640000
Colin Farrell,689,7500000
Skylar Astin,690,503000
Minka Kelly,691,1660000
Anna Gunn,692,567000
Arielle Kebbel,693,763000
Mandy Moore,694,5350000
Malin Akerman,695,4010000
Sarah Gadon,696,609000
Matt LeBlanc,697,685000
Gillian Jacobs,698,707000
Walton Goggins,699,419000
Gina Carano,700,1090000
Val Kilmer,701,2530000
Pierce Brosnan,702,7620000
Tom Felton,703,1340000
Natalie Zea,704,475000
Denise Richards,705,1920000
Kate Bosworth,706,6420000
Austin Nichols,707,692000
Jim Sturgess,708,699000
Anna Camp,709,526000
Judi Dench,710,5820000
Raven-Symoné,711,3320000
Bonnie Wright,712,782000
Sam Rockwell,713,728000
Jeff Bridges,714,8410000
Jaime Pressly,715,876000
Julianna Margulies,716,1030000
Grant Gustin,717,995000
Rene Russo,718,663000
Sophie Cookson,719,172000
Carice van Houten,720,677000
Hugh Laurie,721,8310000
Woody Harrelson,722,4940000
Josh Hartnett,723,1400000
Johnny Galecki,724,673000
Idina Menzel,725,13100000
Gustaf Skarsgård,726,233000
Andrew Ridings,727,12600
Ioan Gruffudd,728,523000
Kaitlin Doubleday,729,227000
Rob Lowe,730,1230000
Brendan Fraser,731,784000
Cam Gigandet,732,943000
Ashton Kutcher,733,26100000
Jennifer Carpenter,734,670000
Sarah Snook,735,369000
Briana Evigan,736,549000
H. Jon Benjamin,737,316000
Ninja,738,178000000
Famke Janssen,739,1060000
Alexis Dziena,740,480000
Paul Sparks,741,175000
Sean Bean,742,1130000
Lorelei Linklater,743,353000
Gwyneth Paltrow,744,25700000
Bridget Moynahan,745,771000
Ashley Judd,746,3890000
Elisabeth Shue,747,679000
Alison Sudol,748,195000
Anna Chlumsky,749,494000
Eddie Murphy,750,18500000
Lindsay Sloane,751,349000
Jonathan Groff,752,685000
Ricky Whittle,753,806000
Maggie Q,754,1760000
Rachael Leigh Cook,755,582000
Ming-Na Wen,756,510000
Astrid Bergès-Frisbey,757,320000
Shane West,758,539000
Luke Bracey,759,400000
Niamh Wilson,760,86400
Ali Larter,761,1560000
Liv Tyler,762,10200000
Alicia Silverstone,763,1460000
Alyssa Sutherland,764,357000
Charles Dance,765,609000
Grace Gealey,766,452000
Caity Lotz,767,451000
Neil Patrick Harris,768,17200000
Jason Bateman,769,1010000
Jordana Brewster,770,6390000
Rupert Friend,771,525000
Don Johnson,772,1030000
Michael Sheen,773,873000
Michael Caine,774,7000000
Jamie Bell,775,842000
Elena Satine,776,300000
Hana Mae Lee,777,130000
Robert Carlyle,778,589000
Tommy Flanagan,779,2160000
Jason Sudeikis,780,868000
Maude Apatow,781,135000
Alan Rickman,782,1110000
Melissa George,783,750000
Andrew Keegan,784,355000
Michael Cudlitz,785,386000
Julie Benz,786,783000
Ellen Pompeo,787,1210000
Geena Davis,788,765000
Miranda Cosgrove,789,8120000
Gaspard Ulliel,790,622000
Hugo Weaving,791,819000
Sienna Guillory,792,531000
Zachary Levi,793,697000
Jesse Eisenberg,794,1190000
Catherine Zeta-Jones,795,8900000
Demi Moore,796,15600000
Elizabeth Regen,797,60000
Heather Graham,798,1840000
Lauren Graham,799,815000
Matt Nable,800,153000
Ezra Miller,801,620000
Kathleen Turner,802,645000
Steve Buscemi,803,1480000
Allison Janney,804,716000
Kelly Hu,805,750000
Douglas Booth,806,839000
Kenzie Dalton,807,74600
Tom Selleck,808,717000
Mena Suvari,809,1540000
Bill Nighy,810,858000
Emma Thompson,811,1920000
Robert Wagner,812,609000
John Krasinski,813,914000
Kathleen Robertson,814,521000
Fairuza Balk,815,417000
Marisa Tomei,816,1270000
Jessica Brown Findlay,817,664000
Jennifer Tilly,818,728000
Jon Favreau,819,880000
Topher Grace,820,558000
Grace Park,821,780000
Courtney Ford,822,325000
Tim Curry,823,631000
Mariska Hargitay,824,824000
Annie Wersching,825,402000
Maggie Gyllenhaal,826,1200000
Emily Hampshire,827,350000
Luke Mably,828,178000
Steve Howey,829,377000
Laura Ramsey,830,484000
Lars Mikkelsen,831,346000
Hunter Parrish,832,477000
Joey King,833,575000
Felicity Huffman,834,870000
Rosie Huntington-Whiteley,835,11700000
Mackenzie Foy,836,615000
Michiel Huisman,837,405000
Jeff Goldblum,838,1070000
Sharni Vinson,839,474000
Jennie Jacques,840,107000
Robert Duvall,841,977000
Jackie Chan,842,30200000
MyAnna Buring,843,437000
Leelee Sobieski,844,818000
Corey Stoll,845,481000
Missi Pyle,846,447000
Audrey Marie Anderson,847,124000
Georgie Henley,848,502000
Freida Pinto,849,4290000
Sonequa Martin-Green,850,263000
Sarah Bolger,851,499000
Clea DuVall,852,403000
Jim Caviezel,853,658000
Pamela Anderson,854,29000000
Brittany Murphy,855,1170000
Adelaide Kane,856,522000
Ashley Tisdale,857,23700000
Jeffrey Dean Morgan,858,574000
Andy Samberg,859,1650000
Kim Basinger,860,1090000
River Phoenix,861,625000
Keegan Connor Tracy,862,345000
Richard Glatzer,863,1430000
Elijah Wood,864,3860000
Billie Piper,865,1040000
Ben Whishaw,866,670000
Judd Nelson,867,451000
Lauren Ambrose,868,413000
Constance Zimmer,869,351000
Damian Lewis,870,744000
Skyler Samuels,871,331000
Viola Davis,872,11200000
Robert Redford,873,6870000
Chris O'Donnell,874,473000
Lisa Kudrow,875,2550000
Sam Worthington,876,3700000
Rebecca Romijn,877,926000
Jean-Claude Van Damme,878,16000000
Mike Vogel,879,532000
Bob Morley,880,832000
Portia de Rossi,881,1240000
Bridgit Mendler,882,1890000
Karl Urban,883,750000
Sam Elliott,884,495000
Ed Westwick,885,1340000
Nat Wolff,886,815000
Kevin Smith,887,31900000
Jackson Rathbone,888,759000
Steve McQueen,889,8230000
Tye Sheridan,890,405000
Jonny Lee Miller,891,600000
Ashley Johnson,892,539000
Jayma Mays,893,567000
Halle Berry,894,23500000
Josh Brolin,895,1750000
Alison Becker,896,109000
Kellan Lutz,897,2130000
Lucy Hale,898,11100000
Anthony Hopkins,899,7400000
Elizabeth Taylor,900,14100000
Peter Berg,901,697000
Alyssa Milano,902,6770000
Kurt Russell,903,1340000
Paul Newman,904,6840000
Jennifer Coolidge,905,551000
Paul Bettany,906,816000
Common,907,1750000000
Rachael Taylor,908,584000
Lauren Adams,909,412000
Madonna,910,223000000
Wendi McLendon-Covey,911,413000
Rachel Melvin,912,280000
Tom Welling,913,997000
Caitriona Balfe,914,606000
Alicia Witt,915,562000
Maggie Siff,916,408000
Cary Elwes,917,621000
Renée Felice Smith,918,78500
Sophie Lowe,919,346000
Sam Taylor-Johnson,920,758000
Lisa Bonet,921,867000
Lea Michele,922,17600000
Shelley Hennig,923,480000
Ryan Eggold,924,356000
Woody Allen,925,20500000
Alyson Hannigan,926,1290000
Natalie Wood,927,837000
Alex Kingston,928,527000
Scott Caan,929,558000
Camren Bicondova,930,369000
Jamie Campbell Bower,931,705000
Dick Van Dyke,932,711000
Dane DeHaan,933,959000
Tricia Helfer,934,725000
Wil Wheaton,935,676000
Elizabeth McGovern,936,529000
Natasha Lyonne,937,554000
Amy Smart,938,1010000
Simon Pegg,939,2470000
Eric Bana,940,1080000
Mary-Kate Olsen,941,1710000
Mia Goth,942,1100000
Stanley Kubrick,943,9530000
Drea de Matteo,944,513000
Helen Mirren,945,7890000
Kimberly Williams-Paisley,946,351000
Gillian Alexy,947,95600
Christina Aguilera,948,45200000
Macaulay Culkin,949,1070000
Adam Scott,950,4450000
Kim Kardashian West,951,1990000
James Purefoy,952,555000
Willem Dafoe,953,1150000
Elisabeth Moss,954,965000
Kristinia DeBarge,955,633000
Josh Gad,956,3700000
Aimee Teegarden,957,592000
Elizabeth Henstridge,958,475000
Paige Turco,959,387000
Devon Werkheiser,960,284000
Matt Bennett,961,450000
Terry Crews,962,5470000
Robert Carradine,963,528000
Mädchen Amick,964,273000
Faye Dunaway,965,757000
Sarah Paulson,966,999000
Peter Stormare,967,664000
Anna Popplewell,968,558000
Chyler Leigh,969,554000
Madeleine Stowe,970,574000
Donal Logue,971,475000
Katie Findlay,972,290000
Zach Galifianakis,973,6180000
Sacha Baron Cohen,974,728000
Amanda Peet,975,991000
Rupert Grint,976,3880000
Michael Clarke Duncan,977,454000
Peter Jackson,978,12200000
Amelia Warner,979,618000
Elizabeth Berkley,980,787000
Brittany Daniel,981,564000
Annet Mahendru,982,218000
Patrick Dempsey,983,4140000
Mary Steenburgen,984,548000
Kelly Reilly,985,502000
Mike Myers,986,792000
Addison Timlin,987,466000
Robert Patrick,988,617000
Eloise Mumford,989,434000
Cole Sprouse,990,633000
Sherilyn Fenn,991,3690000
Jimmi Simpson,992,252000
Aly Michalka,993,609000
Rory McCann,994,357000
JoAnna Garcia Swisher,995,188000
Camilla Luddington,996,498000
Danica McKellar,997,693000
Guy Ritchie,998,1470000
Monica Potter,999,466000
Jason Segel,1000,1010000
Toby Kebbell,1001,430000
Charlotte Rampling,1002,721000
Trai Byers,1003,150000
Danny Trejo,1004,5170000
Katrina Law,1005,505000
Randall Miller,1006,537000
Christopher Plummer,1007,808000
Scott Speedman,1008,507000
Simon Helberg,1009,556000
Sean Young,1010,517000
Ben Kingsley,1011,1600000
Joanne Froggatt,1012,504000
Jewel Staite,1013,533000
Rita Ora,1014,31800000
Archie Panjabi,1015,437000
Charlotte Gainsbourg,1016,1260000
Mozhan Marnò,1017,45500
Kelly McGillis,1018,437000
Jacinda Barrett,1019,397000
Gina Torres,1020,479000
Stellan Skarsgård,1021,574000
Robert Knepper,1022,461000
Troian Bellisario,1023,772000
Laura Carmichael,1024,437000
Charlie Sheen,1025,18900000
Andie MacDowell,1026,819000
Allison Williams,1027,1120000
J.J. Abrams,1028,8410000
Phoebe Tonkin,1029,1010000
Jodi Lyn O'Keefe,1030,388000
Kurt Sutter,1031,481000
Melissa Joan Hart,1032,957000
Kristin Kreuk,1033,1020000
Minnie Driver,1034,806000
Sam Strike,1035,252000
Agnes Bruckner,1036,436000
Joseph Morgan,1037,822000
Billie 'Buckwheat' Thomas,1038,16500
Gaby Hoffmann,1039,393000
Andy Serkis,1040,1670000
Kathryn Hahn,1041,462000
Allen Leech,1042,429000
Ben Barnes,1043,842000
Michelle Borth,1044,437000
Billy Bob Thornton,1045,921000
Nora-Jane Noone,1046,96100
Simon Baker,1047,842000
Patrick Warburton,1048,438000
Tania Raymonde,1049,404000
Steven Yeun,1050,694000
Kerr Smith,1051,386000
Jessica Szohr,1052,948000
Marton Csokas,1053,448000
Connie Britton,1054,897000
Goldie Hawn,1055,4700000
Steven Seagal,1056,8110000
Jeremy Sisto,1057,452000
Antonio Banderas,1058,17800000
Zuleikha Robinson,1059,320000
Piper Perabo,1060,732000
Amy Acker,1061,633000
Tara Reid,1062,1940000
Alexis Arquette,1063,304000
Daniela Ruah,1064,642000
Laverne Cox,1065,659000
Indira Varma,1066,478000
Molly C. Quinn,1067,364000
Garret Dillahunt,1068,414000
Wei Zhao,1069,411000
Joss Whedon,1070,6580000
Katy Perry,1071,129000000
Donna Murphy,1072,404000
David Krumholtz,1073,392000
Suki Waterhouse,1074,2100000
Paul Thomas Anderson,1075,842000
Joseph Gilgun,1076,222000
Justin Chatwin,1077,452000
Deborah Ann Woll,1078,609000
Rachelle Lefevre,1079,574000
Brandon Routh,1080,718000
Robin Lord Taylor,1081,432000
Ron Livingston,1082,458000
Annabelle Wallis,1083,529000
Ella Purnell,1084,213000
Kelly Macdonald,1085,523000
Danielle Harris,1086,509000
Tommy Lee Jones,1087,3910000
Liam McIntyre,1088,460000
Adam Levine,1089,21800000
Kelly Preston,1090,738000
Lucy Punch,1091,417000
Damon Wayans Jr.,1092,526000
Rebecca Hall,1093,787000
Benji Madden,1094,1130000
Randall Park,1095,2980000
David Duchovny,1096,1170000
Angie Harmon,1097,927000
George Blagden,1098,270000
Eric Roberts,1099,660000
Brooke Shields,1100,1870000
Claire Holt,1101,767000
Frances O'Connor,1102,386000
Jennifer Esposito,1103,521000
Natasha Richardson,1104,797000
Mira Sorvino,1105,614000
Christian Slater,1106,868000
Wes Bentley,1107,1240000
William Shatner,1108,6600000
Aidan Gillen,1109,448000
Adam Driver,1110,607000
Matt Czuchry,1111,399000
Rachel Hurd-Wood,1112,435000
Courtney Love,1113,8990000
Sophia Loren,1114,7770000
Ornella Muti,1115,816000
Johnny Knoxville,1116,4810000
Chelsea Pereira,1117,28900
Timothy Hutton,1118,512000
M. Night Shyamalan,1119,713000
Matt Smith,1120,8150000
Adam DeVine,1121,495000
Sarah Jessica Parker,1122,15200000
Nonso Anozie,1123,352000
Dolph Lundgren,1124,4580000
Steve Martin,1125,8140000
Hugh Dancy,1126,646000
Patrick J. Adams,1127,426000
Richard Harris,1128,689000
Seth MacFarlane,1129,5540000
Lauren Holly,1130,494000
Josh Dallas,1131,523000
Bianca Kajlich,1132,431000
Paul Dano,1133,907000
Martin Short,1134,746000
Michael J. Fox,1135,7570000
Noureen DeWulf,1136,476000
Mindy Kaling,1137,1100000
Jason Lee,1138,2240000
Toby Stephens,1139,413000
Lupita Nyong'o,1140,11400000
Selma Blair,1141,980000
Thandie Newton,1142,897000
Bellamy Young,1143,630000
Leven Rambin,1144,492000
Christopher Walken,1145,5490000
Vinnie Jones,1146,618000
Claire Forlani,1147,624000
Kim Richards,1148,1060000
Cierra Ramirez,1149,295000
Rinko Kikuchi,1150,651000
Clara Paget,1151,297000
Brad Bird,1152,688000
Sarah Chalke,1153,670000
Carrie-Anne Moss,1154,669000
Paz Vega,1155,1050000
Zoey Deutch,1156,557000
John Malkovich,1157,3460000
Hilary Swank,1158,1480000
Molly Stanton,1159,77200
Danny DeVito,1160,938000
Kathy Hilton,1161,565000
Jonathan Lipnicki,1162,353000
Lily Rabe,1163,470000
Mia Sara,1164,455000
Hugh Grant,1165,5810000
Tina Majorino,1166,366000
Michael Rooker,1167,548000
Jaden Smith,1168,11300000
Raquel Welch,1169,937000
Beth Behrs,1170,642000
Peter MacNicol,1171,560000
Mary McCormack,1172,428000
Zendaya,1173,18300000
Demi Lovato,1174,66300000
Susan Sarandon,1175,7000000
Kate Walsh,1176,1070000
Laura Spencer,1177,269000
Cristin Milioti,1178,494000
Michael Biehn,1179,513000
Ray Stevenson,1180,616000
Edward Furlong,1181,505000
Christopher Mintz-Plasse,1182,535000
Michael Pitt,1183,594000
Ellen DeGeneres,1184,26000000
Tom Mison,1185,422000
Sasha Alexander,1186,620000
Sam Riley,1187,508000
Jeri Ryan,1188,640000
Jaime Murray,1189,533000
Charlie Day,1190,652000
Golshifteh Farahani,1191,578000
Jeremy Irons,1192,953000
Nestor Carbonell,1193,385000
Lea Thompson,1194,767000
Giovanni Ribisi,1195,628000
Daniel Brühl,1196,575000
Jemaine Clement,1197,451000
Andy Whitfield,1198,534000
Chace Crawford,1199,1320000
Laura Haddock,1200,473000
Mark-Paul Gosselaar,1201,547000
Aubrey Dollar,1202,215000
Katy Mixon,1203,448000
Michael B. Jordan,1204,1090000
Tony Goldwyn,1205,580000
Jack Black,1206,14400000
Michael Shannon,1207,704000
Ralph Macchio,1208,510000
Alec Baldwin,1209,9110000
Skyler Gisondo,1210,183000
Madison Pettis,1211,3090000
Diane Keaton,1212,1100000
Jolene Blalock,1213,508000
Danielle Campbell,1214,527000
Luke Grimes,1215,531000
Sally Field,1216,1170000
Ben McKenzie,1217,563000
Zoe Kazan,1218,457000
Sarah Lancaster,1219,414000
Paul Wesley,1220,7520000
Makenzie Leigh,1221,130000
Erika Christensen,1222,533000
Austin Butler,1223,779000
Stephanie Beatriz,1224,224000
Christopher Lee,1225,6180000
Benicio Del Toro,1226,1020000
Kim Coates,1227,431000
Pablo Schreiber,1228,337000
Jennifer Jason Leigh,1229,593000
Donald Glover,1230,638000
Christina Applegate,1231,1110000
Ron Howard,1232,2820000
Carla Gallo,1233,363000
Daniel Gillies,1234,637000
Shannon Elizabeth,1235,775000
Thomas Dekker,1236,622000
Rob McElhenney,1237,295000
Jodie Whittaker,1238,475000
Elizabeth Marvel,1239,223000
Alan Ritchson,1240,507000
Lauren German,1241,434000
Mindy Robinson,1242,374000
Glenne Headly,1243,306000
Jamie Foxx,1244,20100000
Meghan Ory,1245,410000
Gabrielle Union,1246,1690000
Patrick Wilson,1247,895000
Timothy Omundson,1248,311000
A.J. Cook,1249,624000
Kim Cattrall,1250,1030000
Wilmer Valderrama,1251,1250000
Valorie Curry,1252,317000
Elisabeth Röhm,1253,218000
Hanna Alström,1254,59200
Chevy Chase,1255,12600000
Liev Schreiber,1256,2960000
Dermot Mulroney,1257,621000
Amber Tamblyn,1258,637000
Rebecca Ferguson,1259,922000
Donald Sutherland,1260,940000
Laura Linney,1261,715000
Boyd Holbrook,1262,458000
Jackie Earle Haley,1263,472000
Max Martini,1264,434000
Neve Campbell,1265,800000
Emily Deschanel,1266,1090000
Josh Lucas,1267,572000
Jessica Lowndes,1268,1240000
Scott Michael Foster,1269,341000
Guillermo del Toro,1270,6410000
Alana De La Garza,1271,434000
AJ Michalka,1272,522000
Ian McShane,1273,621000
Elizabeth Mitchell,1274,7120000
Jennette McCurdy,1275,15400000
Sofia Vassilieva,1276,349000
Mark Pellegrino,1277,428000
Meagan Good,1278,4510000
Bradley Whitford,1279,609000
Lindsey Morgan,1280,395000
Dax Shepard,1281,611000
Eric Dane,1282,734000
Dominic West,1283,551000
Kevin James,1284,1830000
Vanessa Marano,1285,468000
Kristy Swanson,1286,488000
Gabrielle Anwar,1287,506000
Aishwarya Rai Bachchan,1288,1550000
America Ferrera,1289,1050000
Bill Paxton,1290,782000
Martin Starr,1291,372000
Amanda Crew,1292,452000
Mandy Patinkin,1293,577000
Maya Rudolph,1294,866000
Becki Newton,1295,491000
Max Irons,1296,558000
Geoffrey Rush,1297,785000
Uzo Aduba,1298,501000
Zoe McLellan,1299,307000
Shay Mitchell,1300,5520000
Scott Foley,1301,471000
Frankie Muniz,1302,471000
Emmanuel Lewis,1303,173000
Judd Apatow,1304,1110000
Maureen McCormick,1305,449000
Antje Traue,1306,470000
Sean Astin,1307,653000
Dustin Hoffman,1308,6170000
Julia Ormond,1309,528000
James Norton,1310,378000
Michael Douglas,1311,11700000
Amber Valletta,1312,767000
Tobey Maguire,1313,1120000
Sibel Kekilli,1314,1570000
Frank Grillo,1315,490000
Diego Luna,1316,810000
David Morrissey,1317,496000
Eva Amurri Martino,1318,194000
Jake Lacy,1319,153000
Michael Cera,1320,789000
Brendan Gleeson,1321,649000
Madeline Zima,1322,496000
Kara Hayward,1323,216000
Sam Simon,1324,6680000
Meaghan Rath,1325,235000
Gina Gershon,1326,817000
Jack Davenport,1327,430000
Jane Seymour,1328,1210000
Eve Harlow,1329,67200
Teri Polo,1330,536000
Jackie Sandler,1331,122000
Emilio Estevez,1332,523000
Sara Chase,1333,55000
Felicia Day,1334,611000
Jason Ritter,1335,440000
Jamie Lee Curtis,1336,1040000
Dichen Lachman,1337,265000
Daveigh Chase,1338,454000
James Cameron,1339,10500000
Giancarlo Esposito,1340,477000
James Caan,1341,844000
Candace Cameron Bure,1342,517000
John Francis Daley,1343,383000
Jonny Weston,1344,386000
Dan Aykroyd,1345,984000
Tia Carrere,1346,667000
Josh Peck,1347,3150000
Sean Faris,1348,488000
Caterina Scorsone,1349,290000
Luke Pasqualino,1350,505000
Bill Hader,1351,788000
John Stamos,1352,1040000
Jessica Paré,1353,326000
Clive Owen,1354,1090000
Sara Paxton,1355,621000
Pamela Adlon,1356,382000
Henry Ian Cusick,1357,394000
Janina Gavankar,1358,464000
Toni Collette,1359,726000
Rainn Wilson,1360,644000
Julia Campbell,1361,202000
Janet McTeer,1362,414000
Charlie Ray,1363,200000
Julia Garner,1364,225000
Ethan Suplee,1365,448000
David Strathairn,1366,565000
Matthew Macfadyen,1367,474000
Julianne Nicholson,1368,380000
Timothy Dalton,1369,605000
Allison Scagliotti,1370,402000
Laura Benanti,1371,397000
Viva Bianca,1372,489000
Rian Johnson,1373,576000
Julie Ann Emery,1374,127000
Dean Norris,1375,483000
Jimmy Fallon,1376,47500000
Gregory Peck,1377,863000
Seann William Scott,1378,556000
Sam Underwood,1379,203000
Ben Woolf,1380,678000
Mark Harmon,1381,749000
Lara Flynn Boyle,1382,533000
Mark Duplass,1383,581000
Michelle Fairley,1384,488000
Ryan Newman,1385,815000
Ksenia Solo,1386,390000
Chris Wood,1387,584000
Hannah Simone,1388,533000
Quvenzhané Wallis,1389,491000
Alexandra Park,1390,515000
Ellen Barkin,1391,680000
Ethan Embry,1392,383000
Crispin Glover,1393,500000
Elyes Gabel,1394,371000
Justin Timberlake,1395,46700000
Gabourey Sidibe,1396,992000
Yara Shahidi,1397,234000
Joseph Mazzello,1398,317000
Nichole Bloom,1399,132000
Ally Sheedy,1400,771000
Ingrid Bolsø Berdal,1401,278000
Anna Torv,1402,610000
John Turturro,1403,665000
Joshua John Miller,1404,44000
John Goodman,1405,1500000
Elias Koteas,1406,446000
Kate Mulgrew,1407,472000
Jesse Williams,1408,681000
Tim Robbins,1409,769000
Aaron Stanford,1410,397000
Aidan Quinn,1411,503000
DJ Qualls,1412,365000
Charisma Carpenter,1413,832000
Sara Rue,1414,444000
Dina Meyer,1415,460000
Daryl Hannah,1416,851000
Kodi Smit-McPhee,1417,449000
Emily Wickersham,1418,370000
Peyton List,1419,3050000
Lorraine Bracco,1420,441000
Emily Mortimer,1421,680000
Kristanna Loken,1422,639000
Burn Gorman,1423,354000
Alfie Allen,1424,507000
Joshua Jackson,1425,845000
Tim Roth,1426,750000
Hannah New,1427,414000
Sandrine Holt,1428,356000
Roselyn Sanchez,1429,776000
Wilson Bethel,1430,361000
John Hurt,1431,935000
Olivia Thirlby,1432,483000
Rosanna Arquette,1433,621000
Jane Fonda,1434,7780000
Eka Darville,1435,120000
Mischa Barton,1436,1660000
Madison Lintz,1437,91500
Ellen Hollman,1438,287000
Marla Sokoloff,1439,931000
Jenny McCarthy,1440,3610000
Evanna Lynch,1441,639000
Harry Lloyd,1442,395000
Thomas Jane,1443,726000
Cory Monteith,1444,5540000
John Wayne,1445,17600000
Megyn Price,1446,375000
Kirstie Alley,1447,983000
Kiefer Sutherland,1448,1170000
Shemar Moore,1449,4210000
Naomie Harris,1450,850000
Morgan Saylor,1451,286000
Embeth Davidtz,1452,396000
Jose Pablo Cantillo,1453,369000
Ana de la Reguera,1454,662000
Tanit Phoenix,1455,429000
Natasha Henstridge,1456,661000
Ashley Olsen,1457,2000000
Jeremy Piven,1458,881000
Vanessa Lengies,1459,371000
Patricia Heaton,1460,626000
Rachel Skarsten,1461,339000
Sara Foster,1462,459000
Jane Levy,1463,539000
Jake T. Austin,1464,833000
Santiago Cabrera,1465,403000
Amanda Righetti,1466,625000
Malese Jow,1467,433000
Marcia Gay Harden,1468,742000
Eric Christian Olsen,1469,464000
Rafe Spall,1470,455000
Jennifer Beals,1471,611000
Essie Davis,1472,377000
Justin Long,1473,919000
Burt Reynolds,1474,2850000
Megan Mullally,1475,486000
Tiya Sircar,1476,336000
Laura Dern,1477,932000
Angela Lansbury,1478,746000
Betty White,1479,8720000
Ann-Margret,1480,668000
Carol Ann Susi,1481,410000
Michael Bay,1482,8420000
Pedro Pascal,1483,429000
Gene Hackman,1484,862000
Dominic Purcell,1485,940000
Kelly Lynch,1486,509000
Jeremy Allen White,1487,340000
Josh Holloway,1488,700000
Bethany Joy Lenz,1489,406000
Ona Grauer,1490,160000
David Lynch,1491,10800000
Cyd Charisse,1492,460000
Lindy Booth,1493,419000
Misha Collins,1494,2120000
Julia Louis-Dreyfus,1495,1140000
Teri Hatcher,1496,1110000
Clancy Brown,1497,509000
Judy Garland,1498,7910000
Sarah Wright,1499,428000
Bridget Fonda,1500,553000
Dan Fogler,1501,370000
Donnie Wahlberg,1502,625000
Alan Cumming,1503,710000
Melissa Fumero,1504,361000
Holly Hunter,1505,681000
Matthew Lillard,1506,438000
Kaitlin Olson,1507,372000
Linus Roache,1508,335000
James Gandolfini,1509,901000
Jesse Spencer,1510,524000
Kat Graham,1511,997000
Joey Lauren Adams,1512,385000
Antony Starr,1513,326000
Chris Tucker,1514,6030000
Natascha McElhone,1515,435000
Ray Liotta,1516,753000
Haley Bennett,1517,634000
Thomas McDonell,1518,357000
Matthias Schoenaerts,1519,506000
Krista Allen,1520,656000
Devon Sawa,1521,401000
Hayley Orrantia,1522,156000
Jared Gilmore,1523,271000
Sami Gayle,1524,403000
Jake Johnson,1525,599000
Annie Parisse,1526,360000
Marilyn Manson,1527,21300000
Kunal Nayyar,1528,494000
Melissa Marie Elias,1529,27300
Ryan Kwanten,1530,738000
Dan Gauthier,1531,84300
Chris O'Dowd,1532,574000
Nathan Darrow,1533,58300
Britney Spears,1534,115000000
Josh Charles,1535,442000
Busy Philipps,1536,713000
Adam Baldwin,1537,495000
Sarah Silverman,1538,3450000
Saffron Burrows,1539,452000
Troy Baker,1540,483000
Sarah Jones,1541,655000
Kyle MacLachlan,1542,543000
Matthew Rhys,1543,478000
Shawn Ashmore,1544,492000
David Boreanaz,1545,914000
Russell Tovey,1546,749000
Margo Harshman,1547,247000
Rumer Willis,1548,5530000
Jasmine Guy,1549,398000
Angus T. Jones,1550,419000
Shannyn Sossamon,1551,503000
Stuart Townsend,1552,452000
Maxim Roy,1553,165000
Lotte Verbeek,1554,275000
Isabelle Fuhrman,1555,522000
Mia Kirshner,1556,487000
Natalia Tena,1557,419000
Catherine Keener,1558,599000
Sean Patrick Flanery,1559,430000
Cleopatra Coleman,1560,89800
Heida Reed,1561,86900
Crystal Reed,1562,651000
Soleil Moon Frye,1563,735000
Joseph Fiennes,1564,536000
Alison Lohman,1565,548000
Linda Hamilton,1566,598000
Mizuo Peck,1567,115000
Kristin Scott Thomas,1568,900000
Scott Porter,1569,435000
Merritt Patterson,1570,371000
Michael Gambon,1571,638000
Christopher Lloyd,1572,735000
Sissy Spacek,1573,618000
Vincent Kartheiser,1574,404000
Kaitlyn Dever,1575,454000
Lynn Redgrave,1576,396000
Eva Longoria,1577,23200000
Jason Beghe,1578,366000
Kevin McKidd,1579,536000
Rockmond Dunbar,1580,333000
Kevin Zegers,1581,647000
Angela Bettis,1582,271000
Brit Marling,1583,534000
Eddie McClintock,1584,259000
Jenny Slate,1585,517000
Tyler Posey,1586,890000
Colin Hanks,1587,522000
Jamie Brewer,1588,388000
Carmen Electra,1589,10500000
Lou Ferrigno,1590,608000
Joseph Kosinski,1591,664000
Reagan Pasternak,1592,60200
Adèle Exarchopoulos,1593,510000
India Ennenga,1594,138000
Atticus Shaffer,1595,238000
Amy Schumer,1596,4150000
William Fichtner,1597,543000
Jean-Luc Bilodeau,1598,442000
Emily Watson,1599,645000
Geno Segers,1600,72800
Alfred Hitchcock,1601,15100000
Dennis Quaid,1602,908000
Richard Linklater,1603,1800000
Olivia Williams,1604,551000
Audrey Tautou,1605,1130000
Cliff Curtis,1606,449000
Kristin Chenoweth,1607,4180000
Mary Badham,1608,136000
Zosia Mamet,1609,484000
Daniella Kertesz,1610,255000
Ben Mendelsohn,1611,467000
Avan Jogia,1612,674000
Sophie Nélisse,1613,264000
Amy Bailey,1614,223000
Corey Feldman,1615,572000
Amber Scott,1616,246000
Samantha Morton,1617,467000
Vanessa Redgrave,1618,674000
Matthew Broderick,1619,819000
Christa B. Allen,1620,605000
Irina Shayk,1621,28200000
Peter Facinelli,1622,938000
Liza Weil,1623,453000
Tanya Roberts,1624,452000
Maggie Lawson,1625,401000
Leah Remini,1626,1170000
Mickey Rooney,1627,664000
Michael McKean,1628,423000
Armie Hammer,1629,721000
Richard Dormer,1630,170000
Tobias Menzies,1631,318000
Clark Gregg,1632,713000
Tom Wilkinson,1633,711000
Nick Nolte,1634,697000
Cody Horn,1635,301000
Steven Strait,1636,430000
Janet Leigh,1637,603000
Amy Ryan,1638,526000
Charlie Weber,1639,238000
Stacey Dash,1640,905000
Merrin Dungey,1641,242000
Josh Bowman,1642,558000
Kelli Garner,1643,490000
Hank Azaria,1644,556000
Peter Weller,1645,466000
Joan Allen,1646,507000
Kathy Bates,1647,812000
Billy Zane,1648,666000
Warren Christie,1649,204000
Steve Talley,1650,154000
Jerry O'Connell,1651,597000
Josh Radnor,1652,553000
Wesley Snipes,1653,1100000
Nicky Whelan,1654,614000
Graham McTavish,1655,418000
Theo Rossi,1656,414000
Jemima Kirke,1657,451000
Piper Laurie,1658,407000
Sally Hawkins,1659,576000
Odeya Rush,1660,415000
Adam Brody,1661,942000
Karla Souza,1662,422000
Fran Drescher,1663,707000
Chris Messina,1664,509000
Stan Lee,1665,9680000
Gerald McRaney,1666,393000
Jessica Walter,1667,375000
Natalie Alyn Lind,1668,44600
Bérénice Marlohe,1669,709000
Joely Richardson,1670,527000
Angela Bassett,1671,894000
John Cena,1672,23100000
Amanda Plummer,1673,418000
Aziz Ansari,1674,3140000
Danielle Fishel,1675,707000
Nolan Gould,1676,389000
Raul Julia,1677,398000
Julie Christie,1678,618000
Djimon Hounsou,1679,709000
Debi Mazar,1680,650000
Scott Bakula,1681,502000
Candice Accola,1682,856000
Anna Friel,1683,2340000
John Leguizamo,1684,687000
Luke Wilson,1685,618000
April Rose,1686,507000
Isaac Hempstead Wright,1687,384000
Dustin Clare,1688,309000
Alexander Gould,1689,275000
Carey Lowell,1690,397000
Ryan Gage,1691,146000
Melora Hardin,1692,406000
Nathalie Kelley,1693,822000
Ilana Glazer,1694,357000
Peyton List,1695,3070000
David Thewlis,1696,552000
Naya Rivera,1697,8550000
Sarah Drew,1698,462000
Liam Aiken,1699,271000
Callie Thorne,1700,360000
Bo Derek,1701,749000
Timothy Spall,1702,569000
Lisa Loeb,1703,505000
Lee Daniels,1704,1260000
Talulah Riley,1705,366000
Richard Dreyfuss,1706,570000
Justin Chambers,1707,485000
Winter Ave Zoli,1708,190000
Dylan Sprouse,1709,659000
David Ayer,1710,622000
Cindy Morgan,1711,377000
Erin Richards,1712,340000
Iain Glen,1713,401000
Barbara Feldon,1714,234000
Debra Messing,1715,968000
Andrew Scott,1716,1210000
Seth Green,1717,738000
Sanaa Lathan,1718,4060000
April Bowlby,1719,429000
Adrian Grenier,1720,713000
Joseph Lawrence,1721,357000
Hope Davis,1722,430000
Jodie Sweetin,1723,475000
Jason Schwartzman,1724,711000
Mel Brooks,1725,864000
Kevin Kline,1726,1020000
Maura Tierney,1727,456000
Dylan Minnette,1728,313000
Tamsin Egerton,1729,475000
Natasha Leggero,1730,507000
Amanda Tapping,1731,618000
Paul Giamatti,1732,866000
Laurence Fishburne,1733,874000
Kristin Cavallari,1734,1250000
Alona Tal,1735,411000
Brandon Auret,1736,96100
Lynda Carter,1737,1050000
Beatrice Rosen,1738,209000
Parker Posey,1739,556000
Julian Morris,1740,450000
Oliver Hudson,1741,420000
Adrian Martinez,1742,436000
Christopher Meloni,1743,661000
Billy Connolly,1744,661000
Izabella Miko,1745,434000
Liza Lapira,1746,218000
Katie Lowes,1747,413000
Michael Welch,1748,439000
David Wenham,1749,449000
Elizabeth Daily,1750,315000
Janel Parrish,1751,562000
Vince Gilligan,1752,742000
Noah Taylor,1753,402000
Kyle Gallner,1754,476000
Lyndon Smith,1755,68600
Alice Braga,1756,571000
Matthew Fox,1757,754000
Bobby Cannavale,1758,1840000
Will Arnett,1759,931000
Laura Fraser,1760,382000
Joan Cusack,1761,493000
Albert Finney,1762,526000
Karine Vanasse,1763,397000
Kenny Johnson,1764,370000
Aamir Khan,1765,20300000
Dylan McDermott,1766,982000
Katherine Waterston,1767,404000
Naomi Campbell,1768,19100000
Alison Pill,1769,545000
Jack Huston,1770,987000
Katrina Bowden,1771,772000
Chrystee Pharris,1772,38400
Sadie Calvano,1773,178000
Patrick Stewart,1774,4900000
Gaia Weiss,1775,313000
Michael Ealy,1776,704000
Forest Whitaker,1777,933000
John Rhys-Davies,1778,564000
Tatum O'Neal,1779,405000
Matthew Lawrence,1780,387000
Camille De Pazzis,1781,71500
Ann Sothern,1782,397000
Albert Brooks,1783,533000
Billy Crudup,1784,520000
Ambyr Childers,1785,393000
Damien Chazelle,1786,678000
Richard Harmon,1787,255000
Matt Dillon,1788,789000
Courtney Thorne-Smith,1789,455000
Frances McDormand,1790,596000
Jessica Raine,1791,243000
Hannah Murray,1792,561000
Kirk Douglas,1793,950000
Rob Schneider,1794,727000
Brenda Song,1795,5090000
Kyle Chandler,1796,555000
Vivien Leigh,1797,779000
Masiela Lusha,1798,509000
Jesse Plemons,1799,290000
Jeremy Irvine,1800,6590000
Marley Shelton,1801,433000
Jet Li,1802,17300000
Danneel Ackles,1803,257000
Cortney Palm,1804,174000
Seychelle Gabriel,1805,297000
Nazanin Boniadi,1806,313000
Estella Warren,1807,721000
Stephen Hawking,1808,22200000
Michael Angarano,1809,473000
Warren Beatty,1810,865000
Tracee Ellis Ross,1811,636000
Kal Penn,1812,495000
James Marsters,1813,485000
Vanessa Ray,1814,331000
James Dean,1815,13800000
Whitney Avalon,1816,465000
Anjelica Huston,1817,676000
Sophie Hunter,1818,616000
Casey Jon Deidrick,1819,39600
Martin Henderson,1820,405000
Eddie Izzard,1821,10300000
Christine Baranski,1822,496000
Joe Pesci,1823,626000
Bruce Campbell,1824,942000
Alexia Fast,1825,252000
Morgan Fairchild,1826,490000
Britt Lower,1827,64500
Ice Cube,1828,24300000
Jessica Simpson,1829,40200000
Maude Hirst,1830,41600
Ophelia Lovibond,1831,349000
Charlie McDermott,1832,341000
Sofia Coppola,1833,1290000
David Oyelowo,1834,1040000
Darren Criss,1835,1880000
Trieste Kelly Dunn,1836,196000
Isidora Goreshter,1837,43300
David Giuntoli,1838,438000
Dominique Swain,1839,521000
Jayne Mansfield,1840,740000
Alfred Enoch,1841,257000
Penelope Ann Miller,1842,432000
Haylie Duff,1843,695000
Serinda Swan,1844,458000
Grace Victoria Cox,1845,43000
Gael García Bernal,1846,546000
Paz de la Huerta,1847,836000
Abbi Jacobson,1848,393000
Neal McDonough,1849,429000
Jay Ryan,1850,518000
Jaclyn Swedberg,1851,578000
Drake Bell,1852,848000
Ed Speleers,1853,324000
Pam Grier,1854,641000
G. Hannelius,1855,524000
Iggy Azalea,1856,51300000
Cher,1857,291000000
Candice Patton,1858,425000
T.R. Knight,1859,506000
Ken Jeong,1860,778000
Daniel Dae Kim,1861,522000
Casey Affleck,1862,662000
Diana Rigg,1863,522000
Guillermo Díaz,1864,373000
Meredith Scott Lynn,1865,117000
Jamie Blackley,1866,399000
Amy Jo Johnson,1867,430000
Leland Orser,1868,372000
Rachael Bella,1869,127000
Lisa Edelstein,1870,676000
Radha Mitchell,1871,652000
Lindsey Shaw,1872,422000
Tyler Perry,1873,12400000
Cuba Gooding Jr.,1874,817000
Michael Gill,1875,369000
Liam Cunningham,1876,416000
Sandra Oh,1877,638000
Shannon Leto,1878,907000
Parminder Nagra,1879,418000
Tom Hopper,1880,371000
Mara Wilson,1881,377000
Dove Cameron,1882,739000
Sacha Parkinson,1883,161000
Emmanuelle Vaugier,1884,510000
Kylie Minogue,1885,29700000
Jon Heder,1886,408000
Tina Desai,1887,403000
Charles Chaplin,1888,4930000
Helen George,1889,186000
Fred Savage,1890,452000
Sam Neill,1891,637000
James Corden,1892,4800000
Melissa Gilbert,1893,1580000
Damon Herriman,1894,300000
KayCee Stroh,1895,96800
Rebecca Mader,1896,398000
Rebecca De Mornay,1897,471000
Anthony Perkins,1898,583000
Oona Chaplin,1899,406000
Katie McGrath,1900,524000
Tuppence Middleton,1901,353000
Casper Van Dien,1902,455000
David Cross,1903,639000
Aileen Quinn,1904,195000
Cara Buono,1905,233000
Crystal the Monkey,1906,112000
Jessica Capshaw,1907,502000
Shannen Doherty,1908,852000
Riley Voelkel,1909,49000
Max Burkholder,1910,239000
Dania Ramirez,1911,607000
Sutton Foster,1912,590000
Katharine Isabelle,1913,391000
Harvey Keitel,1914,778000
Lisa Rinna,1915,3230000
Kate McKinnon,1916,603000
James Lafferty,1917,485000
Jonathan Taylor Thomas,1918,393000
Jami Gertz,1919,404000
Gavin MacIntosh,1920,90000
Bianca A. Santos,1921,128000
Mackenzie Davis,1922,334000
Janeane Garofalo,1923,485000
Monica Raymund,1924,374000
Tippi Hedren,1925,521000
Ariana Richards,1926,233000
Charlotte Riley,1927,370000
Stephen King,1928,31900000
Phoebe Cates,1929,581000
Lexi Ainsworth,1930,102000
Esmé Bianco,1931,249000
Rufus Sewell,1932,509000
Miko Hughes,1933,187000
Christa Miller,1934,398000
Maia Mitchell,1935,690000
Lori Loughlin,1936,743000
Holly Marie Combs,1937,617000
Christina Bennett Lind,1938,30300
Joel Coen,1939,571000
Lara Pulver,1940,424000
John Hughes,1941,3660000
Robin Thicke,1942,24900000
Gene Wilder,1943,650000
Xavier Samuel,1944,560000
Sophie Marceau,1945,1280000
Janet Montgomery,1946,416000
Farrah Fawcett,1947,1230000
Michael Peña,1948,442000
Italia Ricci,1949,384000
Joel McHale,1950,763000
Virginia Madsen,1951,584000
Beyoncé Knowles,1952,9320000
Brighton Sharbino,1953,296000
Matt Lanter,1954,596000
David Spade,1955,742000
Olivia Holt,1956,834000
Maitland Ward,1957,609000
Matt McGorry,1958,383000
Chris Rock,1959,12000000
Jon Voight,1960,1490000
Dascha Polanco,1961,389000
Alan Alda,1962,571000
Chiwetel Ejiofor,1963,815000
Andy Garcia,1964,814000
Adam Goldberg,1965,430000
Ray Park,1966,427000
Ashley Williams,1967,683000
Michael Vartan,1968,442000
Lauren Lapkus,1969,167000
Vivica A. Fox,1970,649000
Finn Wittrock,1971,404000
Dougray Scott,1972,470000
Georgina Haig,1973,371000
Brady Smith,1974,257000
Anthony Mackie,1975,1010000
Michael Weatherly,1976,529000
Tamzin Merchant,1977,317000
Cary Grant,1978,1270000
Jessica Collins,1979,400000
James Garner,1980,638000
Luke Arnold,1981,254000
Glenn Close,1982,1030000
Shawnee Smith,1983,411000
Laura Bell Bundy,1984,430000
Cloris Leachman,1985,506000
Brad Dourif,1986,514000
Clémence Poésy,1987,510000
Scott Wilson,1988,653000
Eion Bailey,1989,292000
Laura San Giacomo,1990,373000
Olivia Luccardi,1991,58400
Cybill Shepherd,1992,728000
Jordan Hayes,1993,316000
Teo Halm,1994,206000
Aarti Mann,1995,213000
Barbra Streisand,1996,15200000
Grace Kelly,1997,8930000
Billy Campbell,1998,415000
Linda Hunt,1999,400000
Steve Coogan,2000,755000
Stephanie Szostak,2001,308000
Camryn Manheim,2002,394000
Daniel Sharman,2003,462000
Sara Ramirez,2004,499000
Marisa Coughlan,2005,213000
Gabriel Mann,2006,437000
Ty Burrell,2007,542000
Lance Henriksen,2008,486000
Nadine Velazquez,2009,489000
Kristen Johnston,2010,398000
Lucky Yates,2011,56600
Christopher Eccleston,2012,628000
Katia Winter,2013,400000
Gina Rodriguez,2014,946000
Lana Wachowski,2015,508000
David Cronenberg,2016,1240000
Tyler James Williams,2017,4190000
Carrie Coon,2018,354000
Frances Conroy,2019,475000
Tamsin Greig,2020,361000
Paul Reubens,2021,923000
Michael Kenneth Williams,2022,360000
Jeanne Tripplehorn,2023,473000
Shiri Appleby,2024,533000
Danny Dyer,2025,686000
Erica Cerra,2026,336000
Shiloh Fernandez,2027,472000
Emma Fuhrmann,2028,88600
Stef Dawson,2029,119000
Elizabeth Peña,2030,408000
Aimee Garcia,2031,429000
Nicholle Tom,2032,346000
Malcolm McDowell,2033,641000
Emma Rigby,2034,531000
Jane Lynch,2035,1010000
Henry Lloyd-Hughes,2036,71200
Justin Bieber,2037,229000000
Mackenzie Mauzy,2038,175000
Gene Tierney,2039,547000
Christopher Reeve,2040,758000
Dominic Monaghan,2041,636000
Kelly Carlson,2042,491000
Devon Bostick,2043,395000
Ethan Cutkosky,2044,124000
Peter O'Toole,2045,693000
Alicia von Rittberg,2046,135000
Ayelet Zurer,2047,409000
Heather Locklear,2048,904000
Ryan Cooper,2049,448000
Jodelle Ferland,2050,485000
Claudia Cardinale,2051,744000
Lauren Lee Smith,2052,430000
Andrew McCarthy,2053,522000
Ziyi Zhang,2054,466000
Bel Powley,2055,119000
Daryl Sabara,2056,360000
Celia Imrie,2057,441000
Jaume Collet-Serra,2058,578000
Melonie Diaz,2059,325000
Elaine Hendrix,2060,277000
Tammin Sursok,2061,500000
Peggy Lipton,2062,266000
Jason Mewes,2063,414000
Jenna Elfman,2064,602000
Brian Bosworth,2065,306000
Lindsay Price,2066,490000
Chadwick Boseman,2067,494000
Phyllis Logan,2068,274000
Monica Keena,2069,405000
Chris Farley,2070,1560000
Marguerite Moreau,2071,278000
Mary Stuart Masterson,2072,365000
Noah Ringer,2073,258000
Meredith Monroe,2074,259000
Evan Ross,2075,913000
Warwick Davis,2076,565000
Luc Besson,2077,5060000
Erica Durance,2078,1960000
Johnny Whitworth,2079,186000
Ruth Kearney,2080,61800
Genevieve Padalecki,2081,251000
Nick Bateman,2082,542000
Maxwell Caulfield,2083,265000
Jason Clarke,2084,553000
Brian Hallisay,2085,371000
JJ Feild,2086,297000
Steve Zahn,2087,478000
Jake McDorman,2088,404000
Freddie Stroma,2089,535000
Shah Rukh Khan,2090,18400000
Lauren Bacall,2091,1060000
Olivia Newton-John,2092,6270000
Shenae Grimes-Beech,2093,51500
Dot-Marie Jones,2094,188000
Tom Cavanagh,2095,652000
Amber Stevens,2096,399000
Marianne Jean-Baptiste,2097,289000
Justin Hartley,2098,492000
Jeff Daniels,2099,828000
Ciarán Hinds,2100,428000
George MacKay,2101,383000
Kay Panabaker,2102,421000
Francis Ford Coppola,2103,2520000
Patricia Clarkson,2104,567000
Verónica Echegui,2105,271000
Kelly Adams,2106,348000
Jenna Jameson,2107,4020000
Aubrey Anderson-Emmons,2108,131000
Tom Pelphrey,2109,56300
Emily Bergl,2110,223000
David Arquette,2111,2050000
Erin Cummings,2112,449000
Bette Midler,2113,8490000
Abigail Hawk,2114,39000
Luna Blaise,2115,338000
Robert Rodriguez,2116,1820000
Sarah Greene,2117,279000
Elvis Presley,2118,43700000
Penelope Wilton,2119,382000
Rick Moranis,2120,434000
E.L. James,2121,11200000
Alexa Davalos,2122,407000
Laura Wiggins,2123,292000
Mat Vairo,2124,106000
Gretchen Mol,2125,539000
Keiko Agena,2126,172000
Rupert Everett,2127,563000
BD Wong,2128,426000
Roxanne McKee,2129,749000
Harry Connick Jr.,2130,909000
Chelsea Peretti,2131,434000
Jessica Lucas,2132,491000
Jean Reno,2133,897000
C. Thomas Howell,2134,419000
Michael Mando,2135,335000
Jimmy Smits,2136,411000
Katharine Ross,2137,416000
Josie Loren,2138,427000
Brian Cox,2139,1640000
Terry Gilliam,2140,1010000
Romola Garai,2141,460000
Adam G. Sevani,2142,370000
Moira Kelly,2143,370000
Tika Sumpter,2144,506000
Nathalia Ramos,2145,392000
Katherine Moennig,2146,448000
Eric Stonestreet,2147,499000
Nia Long,2148,767000
Barbara Eden,2149,536000
Amy Sedaris,2150,468000
Nicole Beharie,2151,489000
Heather Morris,2152,919000
Billy Crystal,2153,977000
Vincent Cassel,2154,804000
John C. Reilly,2155,615000
Beau Garrett,2156,453000
Tyler Blackburn,2157,622000
Lennie James,2158,367000
Rachel Miner,2159,371000
Douglas Smith,2160,519000
Desmond Harrington,2161,387000
Holland Roden,2162,716000
Corey Haim,2163,537000
Genevieve Angelson,2164,92300
Jamie-Lynn Sigler,2165,590000
Christina Milian,2166,10400000
Benjamin Walker,2167,428000
Doug Jones,2168,518000
Parker Young,2169,327000
Ray Winstone,2170,596000
Nancy Kovack,2171,102000
Ben Chaplin,2172,412000
Judge Reinhold,2173,371000
Annette Bening,2174,773000
Hayao Miyazaki,2175,3270000
Derek Cecil,2176,66200
Bernadette Peters,2177,556000
Marina Sirtis,2178,458000
Peter Mayhew,2179,441000
Jack Falahee,2180,375000
Brandon T. Jackson,2181,422000
Samaire Armstrong,2182,438000
George Lucas,2183,9740000
Mark Webber,2184,4360000
Warren Clarke,2185,357000
John Corbett,2186,499000
Sela Ward,2187,464000
Rebecca Olejniczak,2188,19500
Matt Jones,2189,816000
Leonor Varela,2190,436000
Robert Sheehan,2191,532000
David Morse,2192,473000
Brett Dalton,2193,439000
Zack Snyder,2194,1210000
Whoopi Goldberg,2195,5590000
Chord Overstreet,2196,996000
Maiara Walsh,2197,424000
Darren Aronofsky,2198,1060000
Riley Keough,2199,586000
Jena Sims,2200,142000
Zach Braff,2201,1370000
Martha Plimpton,2202,413000
Brendan Fehr,2203,386000
Barbara Hershey,2204,582000
Martin Lawrence,2205,8320000
Scout Taylor-Compton,2206,385000
Ed O'Neill,2207,621000
Colin Ford,2208,388000
Sophia Myles,2209,466000
Kevin Corrigan,2210,369000
Kate Lyn Sheil,2211,173000
David Mazouz,2212,447000
Ving Rhames,2213,578000
Kate Micucci,2214,370000
Will Estes,2215,280000
Niecy Nash,2216,488000
Rowan Blanchard,2217,537000
Helen Slater,2218,444000
Derek Theler,2219,418000
Boris Kodjoe,2220,563000
Tahj Mowry,2221,406000
James Woods,2222,689000
Nicki Minaj,2223,133000000
Lynsey Bartilson,2224,119000
Marisa Miller,2225,1230000
Kyra Sedgwick,2226,671000
Traci Lords,2227,1730000
India Eisley,2228,456000
Wyatt Russell,2229,192000
Ed Helms,2230,654000
Shannon Woodward,2231,342000
Allie Grant,2232,131000
Scott Adkins,2233,3280000
Darby Stanchfield,2234,436000
Sabrina Carpenter,2235,707000
Yvette Nicole Brown,2236,405000
James Wan,2237,814000
Sarah Roemer,2238,512000
Autumn Reeser,2239,551000
Poppy Montgomery,2240,601000
Nicholas D'Agosto,2241,367000
Stephen Moyer,2242,728000
Kathryn Bigelow,2243,696000
Doris Day,2244,1190000
Jonathan Jackson,2245,417000
Carrie Preston,2246,448000
Stockard Channing,2247,433000
Olivia d'Abo,2248,333000
Derek Jacobi,2249,499000
Michael Stuhlbarg,2250,370000
John Heard,2251,418000
Iwan Rheon,2252,409000
Nick Frost,2253,677000
Imelda Staunton,2254,534000
Ashley Rickards,2255,492000
Emma Kenney,2256,359000
Shirley MacLaine,2257,860000
Hugh Bonneville,2258,589000
James Roday,2259,410000
Bijou Phillips,2260,560000
Kelley Jakle,2261,81500
Steve Guttenberg,2262,455000
Christian Camargo,2263,279000
Wash Westmoreland,2264,447000
Alan Hale Jr.,2265,179000
Michael Madsen,2266,621000
Bai Ling,2267,1110000
Christopher Masterson,2268,181000
Dean O'Gorman,2269,590000
Rowan Atkinson,2270,4340000
Michelle Ryan,2271,2900000
Danny McBride,2272,573000
Virginia Hey,2273,157000
Najarra Townsend,2274,93800
Tara Fitzgerald,2275,429000
Hunter King,2276,337000
Martin Sheen,2277,862000
Kelsey Grammer,2278,837000
Keith David,2279,507000
Eminem,2280,77000000
Shirley Henderson,2281,367000
Jeff Kober,2282,151000
Alice Amter,2283,63800
Chad L. Coleman,2284,187000
Daniel von Bargen,2285,546000
Frank Whaley,2286,331000
Octavia Spencer,2287,1020000
Madylin Sweeten,2288,82500
Ben Platt,2289,132000
Bojana Novakovic,2290,373000
Paris Hilton,2291,46700000
Caitlin Stasey,2292,464000
Franka Potente,2293,483000
Jeff Fahey,2294,391000
Emily Procter,2295,491000
Diego Klattenhoff,2296,374000
Nathan Kress,2297,605000
Elisabeth Harnois,2298,422000
Laura Harring,2299,478000
Keith Carradine,2300,476000
Eddie Cahill,2301,289000
Oliver Stone,2302,6110000
Joanna 'JoJo' Levesque,2303,265000
Russell Brand,2304,12700000
Dennis Hopper,2305,1040000
Roger Moore,2306,999000
Megan Follows,2307,372000
Frank Dillane,2308,129000
Ian Harding,2309,618000
Toby Regbo,2310,337000
Keegan Allen,2311,558000
Alicia Coppola,2312,145000
Kate Maberly,2313,148000
Chris Colfer,2314,1260000
Mia Jexen,2315,15000
Christine Woods,2316,242000
Chris Noth,2317,643000
Alexandra Holden,2318,256000
Michael Weston,2319,334000
Bitsie Tulloch,2320,418000
Jamie Luner,2321,246000
Stefanie Powers,2322,373000
Wanda Sykes,2323,530000
Isabella Rossellini,2324,772000
Scott Patterson,2325,398000
Terry Pratchett,2326,19700000
Anthony Anderson,2327,598000
Aaliyah,2328,19600000
Elizabeth Perkins,2329,459000
David Henrie,2330,767000
Zoë Bell,2331,118000
Yael Stone,2332,187000
Adewale Akinnuoye-Agbaje,2333,464000
Talia Shire,2334,394000
Harold Ramis,2335,602000
Rick Hoffman,2336,355000
Jonathan Tucker,2337,399000
Don Cheadle,2338,1250000
Lance Reddick,2339,401000
Christine Lakin,2340,438000
Michael Jai White,2341,604000
Bonnie Hunt,2342,501000
Brianna Brown,2343,409000
Mika Boorem,2344,198000
Caitlin Gerard,2345,97500
Lola Glaudini,2346,215000
Brooke Elliott,2347,218000
Mircea Monroe,2348,411000
Elizabeth Montgomery,2349,494000
Kellie Martin,2350,378000
Jon Cryer,2351,1410000
Michael Raymond-James,2352,223000
Tim McGraw,2353,12800000
Nishi Munshi,2354,60200
Rosa Salazar,2355,597000
Sean Harris,2356,467000
Joel Madden,2357,737000
John Lithgow,2358,679000
Madeleine Martin,2359,272000
Liam James,2360,463000
Torrance Coombs,2361,359000
Matt Frewer,2362,358000
Lane Garrison,2363,436000
Rhys Ifans,2364,606000
Tim Blake Nelson,2365,405000
Susan Clark,2366,381000
Greta Gerwig,2367,618000
Susan May Pratt,2368,177000
Shantel VanSanten,2369,443000
Eric Balfour,2370,488000
Charley Koontz,2371,103000
Steven R. McQueen,2372,520000
Kaitlyn Black,2373,148000
Jill Flint,2374,269000
Kieran Culkin,2375,378000
Brian Austin Green,2376,799000
Michelle Yeoh,2377,663000
Maïwenn,2378,410000
Christy Carlson Romano,2379,445000
Jake Abel,2380,455000
William Katt,2381,359000
Lili Taylor,2382,461000
Emerald Fennell,2383,59400
Kat Foster,2384,126000
Ted Danson,2385,550000
Stephen Dillane,2386,399000
Nick Robinson,2387,510000
Jessica Lowe,2388,155000
Ashley Scott,2389,652000
Tatyana Ali,2390,540000
Moises Arias,2391,483000
Aaron Tveit,2392,470000
Ellen Burstyn,2393,574000
Patrick Fugit,2394,375000
Vanessa Williams,2395,1030000
John Ritter,2396,452000
Brigitte Nielsen,2397,673000
James Earl Jones,2398,673000
Grace Gummer,2399,308000
Chris Penn,2400,382000
William Levy,2401,7810000
Makenzie Vega,2402,311000
Lorenzo Lamas,2403,510000
Kelly Stables,2404,548000
Rob Reiner,2405,657000
Olivia Colman,2406,453000
Joanne Kelly,2407,367000
Eric Stoltz,2408,438000
Jessy Schram,2409,279000
Lee Majors,2410,662000
Nancy Travis,2411,378000
Troy Gentile,2412,135000
William Hurt,2413,1030000
Steven Van Zandt,2414,372000
Lesley Manville,2415,387000
Elizabeth Reaser,2416,564000
Diora Baird,2417,660000
Suzanne Somers,2418,2260000
Robert Sean Leonard,2419,433000
Michael Imperioli,2420,388000
Nick Kroll,2421,496000
Colin Morgan,2422,507000
David McCallum,2423,424000
Dawn Olivieri,2424,429000
Debra Winger,2425,475000
Greg Kinnear,2426,627000
Joanna Vanderham,2427,172000
Ana de Armas,2428,688000
David Carradine,2429,678000
Mary Elizabeth Ellis,2430,139000
Dakota Blue Richards,2431,405000
Kate del Castillo,2432,653000
Jesse Metcalfe,2433,815000
John Slattery,2434,611000
Gil Birmingham,2435,385000
Robbie Coltrane,2436,495000
Rosemarie DeWitt,2437,450000
Lucille Ball,2438,897000
Ruby Bentall,2439,40000
Kirsten Vangsness,2440,397000
Beverly D'Angelo,2441,438000
David Bowie,2442,35100000
Damon Wayans,2443,687000
Richard Dean Anderson,2444,435000
Laura Marano,2445,884000
Pharrell Williams,2446,53000000
Michaela Conlin,2447,394000
Stephanie Leonidas,2448,266000
Joe Viterelli,2449,94600
Rutger Hauer,2450,657000
Brooke D'Orsay,2451,574000
Taylor Spreitler,2452,385000
Catherine O'Hara,2453,483000
Shania Twain,2454,14400000
Holly Taylor,2455,655000
Mike Colter,2456,416000
Ken Watanabe,2457,593000
Leslie Nielsen,2458,623000
Sam Reid,2459,361000
Victor Garber,2460,481000
Mark Deklin,2461,130000
Nick Wechsler,2462,409000
Chris Klein,2463,515000
Josh McDermitt,2464,286000
George Newbern,2465,267000
Sam Page,2466,386000
Glenn Howerton,2467,362000
Alison Eastwood,2468,393000
Spencer Locke,2469,339000
D.B. Sweeney,2470,356000
Eoin Macken,2471,339000
Lars von Trier,2472,2230000
Ta'Rhonda Jones,2473,21300
Kip Pardue,2474,235000
Kate Capshaw,2475,396000
Mary Elizabeth Mastrantonio,2476,386000
Édgar Ramírez,2477,653000
Jeffrey Wright,2478,531000
Jemima West,2479,323000
Joan Collins,2480,981000
Patton Oswalt,2481,854000
Katharine Hepburn,2482,910000
Thomas Gibson,2483,469000
Robbie Kay,2484,410000
Carlos Pratts,2485,157000
June Diane Raphael,2486,227000
Jonathan Bennett,2487,439000
Barkhad Abdi,2488,420000
Lola Kirke,2489,145000
Mary Lynn Rajskub,2490,465000
Ricky Gervais,2491,8310000
Chasty Ballesteros,2492,169000
Ali MacGraw,2493,436000
Mariana Paola Vicente,2494,35900
Charlton Heston,2495,961000
Diana Bang,2496,367000
Erika Eleniak,2497,531000
Charles Bronson,2498,961000
Jesse McCartney,2499,2880000
Diane Farr,2500,255000
Barry Pepper,2501,443000
Paul Reiser,2502,434000
Blake Jenner,2503,276000
Vinessa Shaw,2504,409000
Michael Nyqvist,2505,531000
Geoffrey Arend,2506,359000
Regina King,2507,621000
Carol Burnett,2508,655000
Lesley-Ann Brandt,2509,281000
Jeremy Davies,2510,386000
Will Yun Lee,2511,409000
Katherine McNamara,2512,416000
Rachel Griffiths,2513,482000
Hiroyuki Sanada,2514,457000
Blake Anderson,2515,395000
Katie Leclerc,2516,311000
Laurence Olivier,2517,840000
Rhys Wakefield,2518,322000
Katherine LaNasa,2519,248000
Stephen Lang,2520,478000
David Hyde Pierce,2521,429000
Willow Smith,2522,5850000
Shelley Duvall,2523,426000
Joseph Gatt,2524,86100
Danny Strong,2525,500000
Jason Behr,2526,406000
Jason Patric,2527,437000
Bruce Dern,2528,598000
Ewen Bremner,2529,382000
Carmen Ejogo,2530,491000
Harold Perrineau,2531,468000
Logan Marshall-Green,2532,478000
Ted Levine,2533,392000
Tristin Mays,2534,96600
Samantha Mathis,2535,388000
Jorge Garcia,2536,766000
Eddie Cibrian,2537,770000
Ike Barinholtz,2538,311000
Kathryn Prescott,2539,302000
Paul Anderson,2540,600000
Madeline Kahn,2541,383000
Robert Buckley,2542,570000
Jessica De Gouw,2543,366000
Elizabeth Gillies,2544,880000
Dan Gilroy,2545,482000
Byung-hun Lee,2546,439000
Luke Mitchell,2547,452000
Paula Malcomson,2548,353000
Tom Kenny,2549,555000
Jason Dohring,2550,589000
Asia Argento,2551,941000
Christian Kane,2552,433000
Danny Boyle,2553,1080000
Marlon Wayans,2554,3710000
Zach Gilford,2555,453000
David O'Hara,2556,342000
Rob Zombie,2557,7230000
Laura Bailey,2558,476000
Brooke Burns,2559,538000
Dominik García-Lorido,2560,337000
Nick Jonas,2561,22800000
Billy Burke,2562,559000
Brittney Alger,2563,105000
T.J. Thyne,2564,363000
Matt Lucas,2565,483000
Tom Sturridge,2566,685000
Teri Garr,2567,395000
Lenny Kravitz,2568,19600000
Mark Boone Junior,2569,365000
Adrienne Barbeau,2570,448000
Caroline Dhavernas,2571,417000
Micky Dolenz,2572,392000
Ryan Dorsey,2573,400000
Daryl Mitchell,2574,158000
Shanola Hampton,2575,467000
Joanne Whalley,2576,382000
Peter Capaldi,2577,792000
Sullivan Stapleton,2578,525000
Erik von Detten,2579,167000
Jim Broadbent,2580,592000
Laurie Metcalf,2581,364000
Greg Grunberg,2582,399000
Grace Lee Whitney,2583,103000
Amy Yasbeck,2584,353000
Harry Melling,2585,162000
Kathryn McCormick,2586,371000
Charlie Murphy,2587,476000
Freddie Fox,2588,263000
Charlotte Le Bon,2589,450000
Eve Myles,2590,378000
Ryan Lee,2591,504000
Taran Killam,2592,438000
Moon Bloodgood,2593,536000
Gary Busey,2594,633000
John Candy,2595,527000
Craig Parker,2596,401000
Connor Paolo,2597,352000
Aliyah O'Brien,2598,63200
Gary Dourdan,2599,433000
Valeria Golino,2600,531000
Jere Burns,2601,242000
Skeet Ulrich,2602,376000
Trevor Donovan,2603,394000
Sally Ann Howes,2604,121000
Amy Brenneman,2605,515000
Gary Sinise,2606,694000
David Robert Mitchell,2607,273000
Moran Atias,2608,430000
Blythe Danner,2609,472000
Mark Sheppard,2610,448000
Luke Goss,2611,404000
Terrence Malick,2612,922000
Ben Schnetzer,2613,228000
Sean Pertwee,2614,401000
Marlee Matlin,2615,456000
Mamie Gummer,2616,456000
Keir Gilchrist,2617,225000
Miranda Otto,2618,900000
Chris Hardwick,2619,688000
Courtney B. Vance,2620,389000
Miranda Richardson,2621,509000
Kathleen Rose Perkins,2622,235000
Gary Cole,2623,440000
Anne Dudek,2624,341000
Casey Wilson,2625,453000
Iain De Caestecker,2626,385000
James Gunn,2627,823000
Max von Sydow,2628,624000
Becca Tobin,2629,442000
Conleth Hill,2630,211000
Tim Allen,2631,823000
Jennifer Hudson,2632,17700000
Michael Jackson,2633,120000000
Meg Foster,2634,286000
Anders Holm,2635,373000
Karen Allen,2636,466000
Scoot McNairy,2637,452000
Nona Gaye,2638,712000
Rachael Harris,2639,397000
Anthony Edwards,2640,548000
Wes Chatham,2641,173000
Spike Jonze,2642,844000
Ciara Bravo,2643,548000
Meredith Eaton,2644,66900
Naveen Andrews,2645,473000
Madeline Carroll,2646,392000
Dreama Walker,2647,420000
Julie Walters,2648,567000
Xavier Dolan,2649,1020000
Nicole Ari Parker,2650,410000
Madison De La Garza,2651,215000
Tamla Kari,2652,114000
Bruce Lee,2653,32200000
Mitchel Musso,2654,628000
Bryan Greenberg,2655,445000
Marisa Ramirez,2656,368000
Collette Wolfe,2657,176000
Julie Newmar,2658,497000
Max Casella,2659,263000
Allie Gonino,2660,230000
Leon,2661,510000000
Gregg Sulkin,2662,548000
Kim Novak,2663,769000
Polly Walker,2664,388000
Jeremy Clarkson,2665,20500000
Kiele Sanchez,2666,402000
Jeffrey DeMunn,2667,368000
Emun Elliott,2668,155000
Chris Parnell,2669,369000
Amber Rose,2670,24300000
Claudia Black,2671,474000
Gia Mantegna,2672,207000
Peter Falk,2673,579000
Denise Crosby,2674,379000
Mimi Rogers,2675,558000
Alexandra Shipp,2676,1330000
Luke Benward,2677,417000
Kurtwood Smith,2678,382000
Wallace Shawn,2679,447000
Rob James-Collier,2680,223000
Walt Disney,2681,96900000
Bill Pullman,2682,577000
Alan Ruck,2683,342000
Michael Chiklis,2684,764000
Angélica Celaya,2685,286000
Letoya Luckett,2686,601000
Daniel Samonas,2687,45200
Lynn Borden,2688,83300
Albert Tsai,2689,57700
Alexis Denisof,2690,408000
Natalie Morales,2691,458000
Betsy Brandt,2692,411000
John C. McGinley,2693,406000
Callan McAuliffe,2694,399000
Brad Peyton,2695,278000
Angela Kinsey,2696,425000
Kirk Acevedo,2697,373000
Dean Cain,2698,609000
Corbin Bleu,2699,676000
Dane Cook,2700,5530000
Briga Heelan,2701,99000
Fergie,2702,37100000
James Stewart,2703,9280000
Lia Marie Johnson,2704,425000
Nico Tortorella,2705,381000
Jayne Atkinson,2706,171000
Tony Scott,2707,801000
Edward James Olmos,2708,643000
Mike Smith,2709,5300000
Jill Hennessy,2710,409000
Maria Conchita Alonso,2711,510000
Paul Haggis,2712,597000
Joe Dempsie,2713,528000
Amanda Abbington,2714,366000
Anne Archer,2715,492000
Raymond Cruz,2716,312000
Clare Bowen,2717,416000
Daphne Zuniga,2718,412000
Tom Burke,2719,409000
Samm Levine,2720,162000
Alfred Molina,2721,641000
Jerry Stiller,2722,388000
Kevin McHale,2723,839000
Matthew Modine,2724,557000
Nia Vardalos,2725,413000
